{
  "eye": {
    "orientation": [
      0,
      0,
      0,
      1
    ],
    "magnitude": 0.5773502588272095,
    "position": [
      1280,
      1280,
      5714.05029296875
    ]
  },
  "radius": 2217.025146484375,
  "type": "PERSPECTIVE"
}