{
  "eye": {
    "orientation": [
      0.07960478216409683,
      -0.4112733006477356,
      -0.5160581469535828,
      0.7471287250518799
    ],
    "magnitude": 0.7037779092788696,
    "position": [
      1316.7955322265625,
      1511.2789306640625,
      -765.0830078125
    ]
  },
  "radius": 2217.025146484375,
  "type": "PERSPECTIVE"
}